"","x"
"1","192: Ross selected Andre Williams for 2"
"2","191: Ross selected Denard Robinson for 2"
"3","190: Ross selected Donte Moncrief for 2"
"4","189: Ross selected Darren Sproles for 2"
"5","188: Ross selected Justin Tucker for 1"
"6","187: Ross selected Panthers for 1"
"7","186: Ross selected Heath Miller for 1"
"8","185: Billy selected Andrew Hawkins for 1"
"9","184: Keith selected Theo Riddick for 1"
"10","183: Keith selected Brandon LaFell for 1"
"11","183: Keith selected Theo Riddick for 1"
"12","182: Keith selected Cody Latimer for 1"
"13","181: Keith selected David Johnson for 2"
"14","180: Keith selected Matt Prater for 1"
"15","179: Keith selected Cardinals for 1"
"16","178: Toby selected Larry Donnell for 1"
"17","177: Shep selected Darren McFadden for 4"
"18","176: Shep selected Jets for 3"
"19","175: Billy selected Packers for 1"
"20","174: Billy selected Reggie Wayne for 1"
"21","173: Billy selected Tim Tebow for 1"
"22","172: Drew selected Fred Jackson for 3"
"23","171: Drew selected Markus Wheaton for 3"
"24","170: Drew selected Cody Parkey for 1"
"25","169: Drew selected Broncos for 1"
"26","168: Drew selected Owen Daniels for 1"
"27","167: Milf selected Malcom Floyd for 1"
"28","166: Milf selected Percy Harvin for 1"
"29","165: Milf selected Nate Washington for 1"
"30","164: Milf selected Michael Crabtree for 1"
"31","163: Milf selected James White for 1"
"32","162: Milf selected Matt Bryant for 1"
"33","161: Milf selected Jay Ajayi for 1"
"34","160: Milf selected Lions for 1"
"35","159: James selected Lance Dunbar for 1"
"36","158: James selected Knile Davis for 1"
"37","157: Tony selected Joique Bell for 12"
"38","157: Matt selected DeVante Parker for 1"
"39","156: Matt selected Montee Ball for 2"
"40","155: Matt selected Jonas Gray for 1"
"41","154: Matt selected DeAngelo Williams for 2"
"42","153: Matt selected Ronnie Hillman for 2"
"43","152: Matt selected Brandon Coleman for 1"
"44","151: Matt selected Mason Crosby for 1"
"45","150: Matt selected Dolphins for 2"
"46","149: Brad selected Jerick McKinnon for 1"
"47","148: Brad selected Charles Sims for 1"
"48","147: Brad selected Caleb Sturgis for 1"
"49","146: Brad selected Ravens for 1"
"50","145: Kevin selected Doug Baldwin for 1"
"51","144: Kevin selected Kenny Britt for 1"
"52","143: Kevin selected Tavon Austin for 1"
"53","142: Kevin selected Chris Johnson for 1"
"54","141: Kevin selected Marvin Jones for 1"
"55","140: Kevin selected Eagles for 1"
"56","139: Kevin selected Dustin Hopkins for 1"
"57","138: Milf selected Rueben Randle for 1"
"58","137: Shep selected Danny Woodhead for 2"
"59","136: Brad selected Steve Smith for 4"
"60","135: Brad selected Lorenzo Taliaferro for 3"
"61","135: Brad selected Steve Smith for 4"
"62","134: Brad selected Jordan Reed for 1"
"63","134: Brad selected Steve Smith for 4"
"64","134: Ross selected Eddie Royal for 3"
"65","133: Brad selected Reggie Bush for 1"
"66","132: Drew selected Brian Quick for 1"
"67","131: Billy selected Terrance Williams for 1"
"68","130: Brad selected Steve Smith for 4"
"69","129: Ross selected Joe Flacco for 5"
"70","129: Brad selected Steve Smith for 4"
"71","129: Tony selected Carson Palmer for 6"
"72","128: Keith selected David Cobb for 1"
"73","127: Shep selected Duke Johnson for 8"
"74","126: Tony selected Devin Funchess for 4"
"75","125: Ross selected Breshad Perriman for 4"
"76","124: James selected Bishop Sankey for 6"
"77","123: Kevin selected Kendall Wright for 4"
"78","122: Brad selected Tre Mason for 3"
"79","121: Ross selected Pierre Garcon for 2"
"80","120: James selected Zach Ertz for 3"
"81","119: Matt selected Devonta Freeman for 7"
"82","118: Matt selected Delanie Walker for 1"
"83","117: Keith selected Shane Vereen for 1"
"84","116: James selected Julius Thomas for 2"
"85","115: Kevin selected Torrey Smith for 3"
"86","114: Tony selected John Brown for 4"
"87","113: James selected Charles Johnson for 5"
"88","112: Tony selected Nelson Agholor for 4"
"89","111: Toby selected Anquan Boldin for 3"
"90","110: Toby selected Tevin Coleman for 5"
"91","109: Brad selected Steve Smith for 4"
"92","108: Drew selected Eric Decker for 2"
"93","107: James selected Matthew Stafford for 4"
"94","106: Billy selected Brandon LaFell for 1"
"95","105: Ross selected Larry Fitzgerald for 5"
"96","104: Kevin selected Roddy White for 4"
"97","103: Shep selected Eli Manning for 19"
"98","102: Drew selected Doug Martin for 11"
"99","101: Brad selected Chris Ivory for 13"
"100","100: Tony selected Martavis Bryant for 6"
"101","99: Tony selected Travis Kelce for 9"
"102","98: Billy selected Alfred Blue for 7"
"103","97: Billy selected Michael Floyd for 5"
"104","96: Shep selected Adam Vinatieri for 2"
"105","95: Matt selected Jeremy Maclin for 6"
"106","94: Matt selected Justin Forsett for 36"
"107","93: Billy selected LeSean McCoy for 42"
"108","96: Billy selected LeSean McCoy for 42"
"109","95: Matt selected Justin Forsett for 36"
"110","95: Billy selected LeSean McCoy for 42"
"111","95: Matt selected Justin Forsett for 36"
"112","95: Billy selected LeSean McCoy for 42"
"113","101: Tony selected Rams for 1"
"114","100: Tony selected Ameer Abdullah for 11"
"115","99: Drew selected Allen Robinson for 4"
"116","98: Billy selected Alfred Blue for 7"
"117","97: Tony selected Ryan Mathews for 6"
"118","96: James selected Matthew Stafford for 4"
"119","95: Brad selected Chris Ivory for 13"
"120","94: Tony selected Jarvis Landry for 8"
"121","93: Toby selected Patriots for 1"
"122","92: Keith selected Victor Cruz for 4"
"123","91: Shep selected Isaiah Crowell for 15"
"124","90: Milf selected Mike Wallace for 4"
"125","89: Matt selected Ben Roethlisberger for 19"
"126","88: Shep selected LeGarrette Blount for 8"
"127","87: Matt selected Jeremy Maclin for 6"
"128","86: Tony selected Brandon Marshall for 10"
"129","85: Shep selected Rashad Jennings for 10"
"130","84: Drew selected Ryan Tannehill for 7"
"131","83: Tony selected Giovani Bernard for 5"
"132","82: Brad selected Andre Johnson for 14"
"133","81: Toby selected Jordan Cameron for 1"
"134","80: Kevin selected Dwayne Allen for 2"
"135","79: Keith selected Andre Ellington for 15"
"136","78: Tony selected Joique Bell for 13"
"137","77: Tony selected Connor Barth for 1"
"138","76: Shep selected Latavius Murray for 19"
"139","75: Toby selected Vincent Jackson for 7"
"140","74: Shep selected Joseph Randle for 22"
"141","73: Shep selected Davante Adams for 17"
"142","72: Billy selected Jay Cutler for 4"
"143","71: Kevin selected Jonathan Stewart for 19"
"144","70: Drew selected Golden Tate for 12"
"145","69: Shep selected DeAndre Hopkins for 0"
"146","68: Shep selected Greg Olsen for 10"
"147","67: Billy selected Malcom Floyd for 5"
"148","66: Brad selected Keenan Allen for 16"
"149","65: Toby selected Julian Edelman for 16"
"150","64: Shep selected Adam Vinatieri for 2"
"151","63: Shep selected Amari Cooper for 8"
"152","62: Matt selected Justin Forsett for 36"
"153","61: Matt selected Carlos Hyde for 30"
"154","60: James selected Jordan Matthews for 22"
"155","59: James selected Teddy Bridgewater for 2"
"156","58: Kevin selected Lamar Miller for 37"
"157","57: Ross selected Brandin Cooks for 26"
"158","56: Toby selected Jason Witten for 5"
"159","55: Shep selected Arian Foster for 16"
"160","54: Milf selected Martellus Bennett for 8"
"161","53: Shep selected Dustin Hopkins for 25"
"162","52: Brad selected Emmanuel Sanders for 32"
"163","51: Billy selected DeSean Jackson for 12"
"164","50: James selected Frank Gore for 20"
"165","49: Milf selected Mike Evans for 37"
"166","48: Milf selected Sam Bradford for 8"
"167","47: Toby selected T.Y. Hilton for 48"
"168","46: Keith selected Cam Newton for 6"
"169","45: James selected Todd Gurley for 15"
"170","44: Tony selected Alshon Jeffery for 40"
"171","43: James selected Antonio Gates for 4"
"172","42: Drew selected Alfred Morris for 35"
"173","41: Matt selected Randall Cobb for 45"
"174","40: Milf selected Melvin Gordon for 25"
"175","39: James selected Bills for 3"
"176","38: Matt selected A.J. Green for 43"
"177","37: Toby selected Matt Ryan for 15"
"178","36: Kevin selected Demaryius Thomas for 53"
"179","35: Drew selected Tony Romo for 11"
"180","34: Billy selected Marques Colston for 4"
"181","33: Toby selected Tom Brady for 10"
"182","32: Toby selected Seahawks for 5"
"183","31: Drew selected C.J. Spiller for 10"
"184","30: James selected Julio Jones for 47"
"185","29: Toby selected Jeremy Hill for 44"
"186","28: Kevin selected Drew Brees for 22"
"187","27: Kevin selected Calvin Johnson for 49"
"188","26: Brad selected DeMarco Murray for 55"
"189","25: Billy selected Texans for 2"
"190","24: Keith selected Dez Bryant for 55"
"191","23: Matt selected LeSean McCoy for 42"
"192","22: Toby selected T.J. Yeldon for 13"
"193","21: Keith selected Jimmy Graham for 32"
"194","20: Toby selected Steven Hauschka for 1"
"195","19: Brad selected Philip Rivers for 7"
"196","18: Toby selected Peyton Manning for 25"
"197","17: Ross selected Antonio Brown for 48"
"198","16: James selected Marshawn Lynch for 63"
"199","15: Billy selected C.J. Anderson for 47"
"200","14: Brad selected Andrew Luck for 47"
"201","13: Billy selected Dan Bailey for 1"
"202","12: Keith selected Sammy Watkins for 16"
"203","11: Drew selected Odell Beckham for 46"
"204","10: Billy selected Russell Wilson for 28"
"205","9: Keith selected Jamaal Charles for 62"
"206","8: James selected Stephen Gostkowski for 2"
"207","7: Ross selected Mark Ingram for 35"
"208","6: Drew selected Matt Forte for 46"
"209","5: Ross selected Eddie Lacy for 60"
"210","4: Milf selected Aaron Rodgers for 46"
"211","3: Tony selected Adrian Peterson for 59"
"212","2: Milf selected LeVeon Bell for 62"
"213","1: Billy selected Rob Gronkowski for 43"
"214","no players drafted yet"
